word,code
卡,hhu
禽兽,wyul
你好,wqvb
啊,kbsk
我,trnt
在,dhfd
这样,ypsu
修改,whnt
后,rgkd
就,yidn
符合,twwg
的,rqyy
语法,ygif
规范,fwai
了,bnh
如果,vkjs
这么,yptc
做,wdty
编译,xyyc
器,kkdk
会,wfcu
报,rbcy
错,qajg
说,yukq
我们,trwu
使用,wget
更,gjqi
醒目,sghh
文字,yypb
颜色,utqc
和,tkg
字,pbf
重,tgjf
这种,yptk
写法,pgif
更加,gjlk
明确,jedq
表示,gefi
正在,ghdh
组件,xewr
默认,lfyw
插槽,rtsg
你,wqiy
可以,skny
通过,cefp
以下,nygh
方式,yyaa
临时,jtjf
关闭,uduf
开启,gayn
代码,wadc
智能,tdce
补,puhy
全,wgf
每次,txuq
按下,rpgh
都会,ftwf
状态,uddy
之间,ppuj
切换,avrq
都要,ftsv
锤,qtgf
子,bbbb
函数,biov
应该,yiyy
正确,ghdq
地,fbn
这个,ypwh
填充,ffyc
好的,vbrq
来,goi
分词,wvyn